Buy/Sell;;
Main Category;Type;Class (search engine)
Vehicles;Emergency Vehicles;Ambulance
;;Fire Trucks
;;Tow Truck Wrecker
Vehicles;Motor Cycles ;Adventure Touring Bike
;;Choppers
;;Cruisers
;;Enduro Bike
;;Off Road Motorcycle
;;Racing Motorcycle
;;Electric Motorcycle
;;Motocross Bike
;;3 Wheel Motor Cycle
;;4 Wheel Motor Cycle
Vehicles;Scooters;Electric Scooter
;;Uber Scuuter
;;Moped
;;Kick Scooter
;;Handicapped Scooters
Vehicles;Trailers;Car Trailer
;;Boat Watercraft Trailer
;;Commercial Truck Trailer
;;Motorcycle Trailer
;;Truck Trailer
Vehicles;Bicycle;Young Children Bicycle
;;Kids Bicycle
;;Mountain Bicycle
;;Hybrid/Comfort Bicycle
;;Folding Bicyle
;;Adult Tricycle
;;Beach Bicycle
;;Recumbent Bicycle
;;Tandem Bicycle
;;Fixed Gear Bicycle
;;Cyclocross Bicycle
;;BMX Bicycle
;;Time Trial Bicycle
;;Road Bicycle
Vehicles;Air Craft;Jumbo Passenger Jet
;;Mid Size Passenger Jet
;;Light Passenger Jet
;;Passenger Turboprops
;;Cargo Airplanes
;;Very Light Jets
;;Light Business Jets
;;Midsize Business Jets
;;Heavy Business Jets
;;Private Single Engine
;;Twin Turboprops
;;Aerobatic
;;Amphibious
